<?xml version="1.0" ?>
<LOG_ROOT>
	<PROJECT NAME="Final">
		<CBX_INST_ENTRY INSTANCE_NAME="|Final|VGA:U1|lpm_mult:Mult0" CBX_FILE_NAME="mult_56t.tdf"/>
		<CBX_INST_ENTRY INSTANCE_NAME="|Final|VGA:U1|lpm_mult:Mult17" CBX_FILE_NAME="mult_56t.tdf"/>
		<CBX_INST_ENTRY INSTANCE_NAME="|Final|VGA:U1|lpm_mult:Mult4" CBX_FILE_NAME="mult_56t.tdf"/>
		<CBX_INST_ENTRY INSTANCE_NAME="|Final|VGA:U1|lpm_mult:Mult8" CBX_FILE_NAME="mult_56t.tdf"/>
		<CBX_INST_ENTRY INSTANCE_NAME="|Final|VGA:U1|lpm_mult:Mult12" CBX_FILE_NAME="mult_56t.tdf"/>
		<CBX_INST_ENTRY INSTANCE_NAME="|Final|VGA:U1|lpm_mult:Mult29" CBX_FILE_NAME="mult_56t.tdf"/>
		<CBX_INST_ENTRY INSTANCE_NAME="|Final|VGA:U1|lpm_mult:Mult5" CBX_FILE_NAME="mult_56t.tdf"/>
	</PROJECT>
</LOG_ROOT>
